timestamp,open,high,low,close,volume
1672531200,16541.77000000,16544.76000000,16538.45000000,16543.67000000,83.08143000
1672531260,16543.04000000,16544.41000000,16538.48000000,16539.31000000,80.45300000
1672531320,16539.31000000,16541.17000000,16534.52000000,16536.43000000,62.90197000
1672531380,16536.43000000,16537.28000000,16531.00000000,16533.65000000,115.71894000
1672531440,16534.12000000,16536.08000000,16527.51000000,16535.38000000,144.45369000
1672531500,16534.91000000,16537.80000000,16533.94000000,16536.70000000,53.58957000
1672531560,16536.76000000,16540.43000000,16534.20000000,16535.91000000,96.45571000
1672531620,16535.91000000,16539.69000000,16533.95000000,16534.67000000,56.72010000
1672531680,16533.98000000,16534.79000000,16528.00000000,16529.28000000,95.13552000
1672531740,16529.28000000,16529.52000000,16522.55000000,16526.67000000,89.28953000
1672531800,16526.67000000,16530.87000000,16522.55000000,16525.34000000,96.60421000
1672531860,16525.34000000,16527.42000000,16523.98000000,16525.84000000,43.33715000
1672531920,16525.84000000,16526.46000000,16520.92000000,16521.68000000,42.25952000
1672531980,16522.10000000,16524.79000000,16520.67000000,16524.17000000,54.19482000
1672532040,16524.60000000,16525.53000000,16520.00000000,16520.69000000,58.34319000
1672532100,16521.26000000,16526.84000000,16519.40000000,16521.00000000,114.31289000
1672532160,16521.56000000,16523.96000000,16517.72000000,16519.62000000,140.09379000
1672532220,16519.14000000,16522.90000000,16517.72000000,16522.48000000,47.00352000
1672532280,16522.18000000,16530.99000000,16521.44000000,16530.34000000,94.05725000
1672532340,16530.37000000,16537.73000000,16528.46000000,16534.94000000,85.72032000
1672532400,16534.94000000,16537.82000000,16534.15000000,16536.61000000,37.63557000
1672532460,16536.61000000,16539.74000000,16536.15000000,16539.45000000,65.47593000
1672532520,16538.59000000,16540.52000000,16532.33000000,16533.98000000,85.02815000
1672532580,16533.98000000,16540.66000000,16533.83000000,16539.31000000,46.89429000
1672532640,16539.71000000,16540.35000000,16534.00000000,16535.54000000,74.49795000
1672532700,16535.54000000,16541.44000000,16534.62000000,16541.44000000,59.53862000
1672532760,16541.44000000,16544.07000000,16538.61000000,16542.01000000,129.09106000
1672532820,16542.01000000,16545.70000000,16541.60000000,16544.59000000,31.20436000
1672532880,16544.26000000,16545.46000000,16542.74000000,16544.77000000,51.13562000
1672532940,16544.77000000,16545.52000000,16542.31000000,16544.19000000,40.93956000
1672533000,16544.19000000,16544.61000000,16536.46000000,16537.29000000,106.95807000
1672533060,16537.29000000,16540.46000000,16536.14000000,16536.69000000,62.73486000
1672533120,16536.69000000,16537.43000000,16531.69000000,16531.97000000,54.42359000
1672533180,16532.23000000,16534.06000000,16530.30000000,16532.32000000,59.56348000
1672533240,16532.32000000,16532.96000000,16522.03000000,16527.83000000,110.89703000
1672533300,16527.27000000,16530.09000000,16521.51000000,16524.14000000,114.37543000
1672533360,16524.14000000,16526.83000000,16516.12000000,16520.70000000,142.54392000
1672533420,16520.19000000,16520.72000000,16508.39000000,16515.33000000,165.72038000
1672533480,16515.33000000,16521.53000000,16513.15000000,16517.71000000,113.02461000
1672533540,16518.44000000,16526.82000000,16517.64000000,16524.04000000,76.47037000
1672533600,16524.83000000,16525.25000000,16522.41000000,16523.64000000,38.73732000
1672533660,16524.17000000,16525.04000000,16513.40000000,16514.65000000,110.11967000
1672533720,16515.19000000,16516.79000000,16512.70000000,16515.16000000,57.37769000
1672533780,16515.16000000,16517.62000000,16514.32000000,16517.16000000,46.16403000
1672533840,16517.16000000,16522.72000000,16515.39000000,16515.43000000,106.54588000
1672533900,16515.91000000,16520.85000000,16515.43000000,16519.03000000,62.45521000
1672533960,16519.03000000,16523.84000000,16518.97000000,16523.25000000,67.05876000
1672534020,16523.25000000,16529.97000000,16520.89000000,16529.07000000,90.68886000
1672534080,16529.07000000,16533.98000000,16528.35000000,16532.97000000,65.70449000
1672534140,16532.54000000,16535.66000000,16528.69000000,16529.16000000,71.36482000
1672534200,16529.69000000,16530.97000000,16526.36000000,16527.22000000,51.54478000
1672534260,16527.57000000,16528.85000000,16526.53000000,16528.29000000,27.46025000
1672534320,16527.88000000,16529.05000000,16527.44000000,16528.16000000,25.28050000
1672534380,16528.16000000,16529.30000000,16527.53000000,16528.53000000,26.92832000
1672534440,16528.53000000,16533.79000000,16528.40000000,16531.84000000,45.13835000
1672534500,16531.84000000,16532.88000000,16530.73000000,16532.21000000,24.30325000
1672534560,16532.21000000,16534.81000000,16531.26000000,16533.49000000,27.43781000
1672534620,16533.85000000,16536.84000000,16532.96000000,16533.80000000,49.25444000
1672534680,16533.79000000,16534.18000000,16529.52000000,16530.89000000,55.57758000
1672534740,16530.57000000,16531.10000000,16528.94000000,16529.67000000,33.81472000
1672534800,16529.59000000,16529.93000000,16525.78000000,16528.04000000,84.85522000
1672534860,16528.53000000,16532.93000000,16527.93000000,16531.59000000,90.61221000
1672534920,16531.59000000,16536.50000000,16530.65000000,16535.16000000,82.29637000
1672534980,16535.16000000,16537.66000000,16533.11000000,16534.36000000,64.96482000
1672535040,16533.89000000,16534.49000000,16528.27000000,16531.02000000,98.94372000
1672535100,16530.39000000,16533.22000000,16530.31000000,16531.35000000,38.19600000
1672535160,16531.79000000,16535.13000000,16531.35000000,16534.22000000,34.57814000
1672535220,16533.74000000,16536.84000000,16533.72000000,16536.07000000,46.71709000
1672535280,16536.63000000,16537.25000000,16534.68000000,16535.73000000,61.56120000
1672535340,16535.23000000,16540.47000000,16534.76000000,16539.20000000,102.76623000
1672535400,16539.20000000,16541.12000000,16538.47000000,16540.56000000,56.13272000
1672535460,16540.55000000,16540.88000000,16539.06000000,16539.83000000,25.86477000
1672535520,16539.51000000,16540.07000000,16535.40000000,16537.23000000,68.06103000
1672535580,16537.23000000,16541.60000000,16536.46000000,16541.43000000,64.01493000
1672535640,16541.42000000,16541.80000000,16537.24000000,16538.21000000,57.68235000
1672535700,16537.68000000,16540.82000000,16537.68000000,16538.66000000,33.18966000
1672535760,16538.66000000,16539.60000000,16534.11000000,16535.73000000,42.95619000
1672535820,16536.14000000,16537.00000000,16534.00000000,16537.00000000,34.75675000
1672535880,16536.58000000,16539.39000000,16536.00000000,16538.93000000,34.86074000
1672535940,16539.39000000,16539.39000000,16538.00000000,16538.59000000,33.79597000
1672536000,16539.04000000,16539.95000000,16537.76000000,16538.13000000,42.06514000
1672536060,16538.13000000,16538.47000000,16533.91000000,16535.10000000,63.56042000
1672536120,16535.39000000,16536.00000000,16533.69000000,16534.41000000,32.44477000
1672536180,16534.92000000,16534.92000000,16530.76000000,16532.21000000,78.99676000
1672536240,16532.21000000,16538.02000000,16531.67000000,16536.22000000,55.62053000
1672536300,16536.22000000,16536.64000000,16533.83000000,16534.38000000,47.05610000
1672536360,16534.38000000,16536.05000000,16533.24000000,16535.33000000,41.84059000
1672536420,16535.33000000,16535.71000000,16531.93000000,16533.27000000,52.68049000
1672536480,16533.09000000,16534.35000000,16531.79000000,16533.89000000,28.90992000
1672536540,16534.20000000,16535.15000000,16532.56000000,16534.60000000,38.95118000
1672536600,16534.02000000,16534.67000000,16532.32000000,16532.73000000,26.24595000
1672536660,16532.73000000,16534.16000000,16530.62000000,16532.50000000,55.91654000
1672536720,16532.50000000,16535.72000000,16532.08000000,16532.73000000,34.16425000
1672536780,16532.73000000,16533.46000000,16531.69000000,16532.66000000,27.64374000
1672536840,16532.95000000,16532.95000000,16531.09000000,16532.00000000,32.71525000
1672536900,16531.74000000,16536.25000000,16530.75000000,16535.62000000,70.63877000
1672536960,16535.62000000,16539.92000000,16534.70000000,16535.15000000,75.32019000
1672537020,16535.16000000,16536.51000000,16534.18000000,16536.50000000,45.13482000
1672537080,16536.51000000,16537.79000000,16534.31000000,16534.49000000,48.06181000
1672537140,16534.49000000,16536.01000000,16533.72000000,16535.19000000,35.50265000
1672537200,16535.19000000,16542.12000000,16534.19000000,16540.41000000,87.08721000
1672537260,16539.67000000,16543.38000000,16539.06000000,16542.89000000,67.03039000
1672537320,16543.26000000,16543.31000000,16539.24000000,16541.98000000,53.42553000
1672537380,16541.98000000,16542.72000000,16538.55000000,16539.90000000,67.83619000
1672537440,16539.90000000,16541.51000000,16537.75000000,16539.94000000,65.96856000
1672537500,16539.94000000,16542.47000000,16538.03000000,16541.44000000,65.87531000
1672537560,16542.00000000,16543.56000000,16540.02000000,16542.95000000,74.26233000
1672537620,16542.50000000,16543.72000000,16540.90000000,16541.42000000,75.94129000
1672537680,16541.83000000,16542.19000000,16539.76000000,16541.91000000,58.76517000
1672537740,16541.91000000,16547.23000000,16540.80000000,16546.33000000,81.36408000
1672537800,16546.76000000,16547.82000000,16543.80000000,16546.99000000,91.02034000
1672537860,16546.49000000,16547.90000000,16543.15000000,16543.57000000,97.09021000
1672537920,16543.57000000,16543.83000000,16540.09000000,16540.52000000,48.68389000
1672537980,16540.52000000,16544.77000000,16539.74000000,16543.95000000,58.79401000
1672538040,16543.55000000,16546.56000000,16543.55000000,16545.91000000,28.25337000
1672538100,16545.91000000,16547.89000000,16544.92000000,16547.48000000,66.48520000
1672538160,16547.48000000,16552.00000000,16546.65000000,16550.81000000,97.94552000
1672538220,16550.81000000,16556.80000000,16549.57000000,16553.35000000,165.19189000
1672538280,16553.35000000,16555.36000000,16549.28000000,16552.34000000,111.54809000
1672538340,16552.74000000,16553.43000000,16549.43000000,16551.47000000,37.22213000
1672538400,16551.47000000,16551.53000000,16542.23000000,16542.44000000,155.52693000
1672538460,16543.06000000,16547.27000000,16541.00000000,16546.43000000,113.58873000
1672538520,16546.93000000,16547.32000000,16542.97000000,16544.48000000,31.29288000
1672538580,16544.48000000,16545.00000000,16540.79000000,16540.92000000,35.24830000
1672538640,16541.25000000,16542.18000000,16540.03000000,16541.43000000,28.38028000
1672538700,16541.86000000,16542.52000000,16540.02000000,16541.54000000,22.48394000
1672538760,16541.30000000,16542.89000000,16540.51000000,16542.27000000,35.30114000
1672538820,16542.27000000,16542.36000000,16540.56000000,16541.66000000,32.83480000
1672538880,16541.92000000,16543.77000000,16541.15000000,16543.17000000,28.67506000
1672538940,16543.16000000,16543.61000000,16542.21000000,16542.94000000,25.36316000
1672539000,16542.67000000,16543.35000000,16540.65000000,16540.96000000,40.25811000
1672539060,16540.96000000,16542.46000000,16540.00000000,16542.04000000,39.96885000
1672539120,16542.40000000,16542.66000000,16540.67000000,16541.73000000,42.21405000
1672539180,16541.73000000,16542.39000000,16539.57000000,16541.52000000,53.64718000
1672539240,16541.14000000,16551.59000000,16541.14000000,16549.03000000,218.31312000
1672539300,16549.02000000,16552.91000000,16547.80000000,16552.77000000,82.55166000
1672539360,16552.26000000,16554.56000000,16551.52000000,16552.56000000,40.04515000
1672539420,16552.91000000,16553.62000000,16550.81000000,16551.93000000,74.85809000
1672539480,16551.48000000,16551.93000000,16550.23000000,16551.42000000,29.82223000
1672539540,16551.42000000,16552.72000000,16550.03000000,16552.72000000,39.06748000
1672539600,16552.72000000,16553.02000000,16551.50000000,16551.97000000,37.42397000
1672539660,16551.97000000,16553.75000000,16546.82000000,16548.60000000,85.79094000
1672539720,16548.60000000,16550.12000000,16547.43000000,16548.69000000,62.79458000
1672539780,16548.30000000,16549.40000000,16547.31000000,16548.25000000,55.18568000
1672539840,16548.78000000,16549.66000000,16546.48000000,16548.18000000,83.50065000
1672539900,16547.96000000,16548.99000000,16546.82000000,16548.01000000,26.55723000
1672539960,16548.01000000,16553.52000000,16547.57000000,16553.12000000,63.05761000
1672540020,16553.51000000,16553.51000000,16549.46000000,16550.01000000,36.67689000
1672540080,16549.72000000,16552.60000000,16548.88000000,16551.46000000,30.67832000
1672540140,16551.92000000,16555.00000000,16549.97000000,16552.89000000,56.40756000
1672540200,16552.89000000,16554.64000000,16551.35000000,16552.68000000,42.61981000
1672540260,16552.68000000,16556.00000000,16552.04000000,16555.34000000,53.20855000
1672540320,16555.30000000,16557.89000000,16554.27000000,16557.47000000,68.89517000
1672540380,16557.47000000,16559.12000000,16556.00000000,16557.72000000,66.80280000
1672540440,16557.52000000,16559.61000000,16556.00000000,16558.65000000,77.22791000
1672540500,16558.49000000,16559.77000000,16554.25000000,16555.34000000,72.47217000
1672540560,16555.72000000,16556.73000000,16552.25000000,16553.57000000,44.86598000
1672540620,16553.57000000,16554.50000000,16551.19000000,16552.42000000,32.19788000
1672540680,16552.42000000,16554.03000000,16551.23000000,16552.04000000,27.36441000
1672540740,16551.70000000,16552.64000000,16548.20000000,16548.99000000,82.02657000
1672540800,16549.50000000,16550.37000000,16544.50000000,16545.78000000,108.26860000
1672540860,16546.12000000,16547.04000000,16543.19000000,16544.01000000,68.23785000
1672540920,16543.98000000,16545.27000000,16542.42000000,16542.59000000,39.60619000
1672540980,16542.59000000,16543.19000000,16541.68000000,16542.14000000,34.68860000
1672541040,16542.14000000,16542.59000000,16538.38000000,16538.77000000,61.14629000
1672541100,16538.77000000,16544.69000000,16538.14000000,16543.55000000,78.08839000
1672541160,16543.47000000,16546.51000000,16542.41000000,16545.88000000,61.18061000
1672541220,16545.89000000,16546.91000000,16544.88000000,16545.60000000,42.27913000
1672541280,16545.61000000,16547.01000000,16545.00000000,16545.74000000,29.54603000
1672541340,16545.42000000,16546.85000000,16545.08000000,16546.22000000,33.67256000
1672541400,16546.22000000,16546.22000000,16544.61000000,16545.20000000,48.82788000
1672541460,16545.20000000,16546.97000000,16544.74000000,16546.53000000,68.37310000
1672541520,16546.09000000,16547.12000000,16544.78000000,16546.23000000,69.81948000
1672541580,16546.22000000,16547.20000000,16545.63000000,16547.13000000,78.26527000
1672541640,16547.13000000,16547.24000000,16544.54000000,16546.33000000,43.98056000
1672541700,16545.77000000,16547.13000000,16545.01000000,16546.07000000,25.96276000
1672541760,16546.07000000,16549.12000000,16545.80000000,16547.20000000,49.68595000
1672541820,16547.21000000,16548.03000000,16546.39000000,16547.18000000,24.44029000
1672541880,16547.18000000,16547.99000000,16546.35000000,16547.12000000,38.47918000
1672541940,16546.72000000,16548.60000000,16546.71000000,16548.19000000,39.09584000
1672542000,16548.19000000,16548.19000000,16531.47000000,16533.94000000,344.42893000
1672542060,16533.31000000,16534.75000000,16527.37000000,16534.67000000,196.14205000
1672542120,16534.22000000,16534.66000000,16523.34000000,16527.37000000,146.86195000
1672542180,16527.37000000,16530.45000000,16525.76000000,16530.36000000,110.42527000
1672542240,16529.90000000,16532.88000000,16527.68000000,16529.36000000,112.97947000
1672542300,16529.36000000,16531.51000000,16526.00000000,16530.02000000,103.79157000
1672542360,16530.02000000,16532.02000000,16528.33000000,16530.51000000,53.01004000
1672542420,16530.07000000,16532.86000000,16528.99000000,16531.77000000,93.64636000
1672542480,16532.16000000,16532.16000000,16529.17000000,16530.95000000,42.47108000
1672542540,16530.51000000,16531.92000000,16529.18000000,16530.40000000,34.31391000
1672542600,16529.97000000,16531.30000000,16527.88000000,16530.24000000,74.11761000
1672542660,16530.89000000,16531.43000000,16527.63000000,16529.27000000,61.80057000
1672542720,16529.27000000,16530.00000000,16528.11000000,16528.24000000,34.37465000
1672542780,16528.61000000,16531.27000000,16528.11000000,16529.31000000,84.86089000
1672542840,16529.82000000,16530.50000000,16526.72000000,16527.87000000,66.19778000
1672542900,16527.44000000,16530.21000000,16523.14000000,16526.71000000,163.34107000
1672542960,16526.71000000,16527.40000000,16525.88000000,16526.20000000,32.28769000
1672543020,16525.88000000,16526.28000000,16518.21000000,16520.71000000,162.14765000
1672543080,16520.71000000,16523.10000000,16519.70000000,16521.39000000,113.79145000
1672543140,16521.80000000,16523.33000000,16518.73000000,16522.52000000,129.29518000
1672543200,16522.53000000,16526.60000000,16521.81000000,16526.51000000,114.71342000
1672543260,16526.51000000,16529.13000000,16524.24000000,16529.11000000,81.00801000
1672543320,16528.46000000,16533.09000000,16526.73000000,16528.53000000,109.71961000
1672543380,16528.12000000,16530.87000000,16528.05000000,16529.70000000,51.36906000
1672543440,16529.69000000,16531.19000000,16527.50000000,16528.72000000,59.46207000
1672543500,16528.28000000,16529.91000000,16527.31000000,16529.01000000,39.37277000
1672543560,16529.37000000,16529.68000000,16528.10000000,16529.13000000,34.52870000
1672543620,16529.13000000,16531.30000000,16528.15000000,16529.81000000,58.59914000
1672543680,16529.82000000,16530.41000000,16527.35000000,16529.19000000,56.20068000
1672543740,16528.71000000,16531.22000000,16528.18000000,16529.89000000,47.54178000
1672543800,16529.89000000,16531.13000000,16527.89000000,16530.19000000,56.52970000
1672543860,16530.76000000,16530.76000000,16526.74000000,16527.95000000,56.84361000
1672543920,16528.37000000,16530.64000000,16527.34000000,16530.32000000,41.16698000
1672543980,16529.90000000,16534.16000000,16529.89000000,16533.79000000,72.51560000
1672544040,16533.34000000,16534.66000000,16531.83000000,16533.77000000,49.77651000
1672544100,16533.76000000,16533.76000000,16532.21000000,16532.56000000,40.14831000
1672544160,16532.21000000,16533.64000000,16532.04000000,16532.70000000,31.42166000
1672544220,16532.70000000,16533.86000000,16532.26000000,16533.04000000,50.64156000
1672544280,16532.60000000,16534.52000000,16532.31000000,16533.38000000,48.56591000
1672544340,16533.84000000,16537.17000000,16533.45000000,16536.83000000,71.81884000
1672544400,16536.83000000,16537.42000000,16532.87000000,16533.40000000,70.89012000
1672544460,16533.40000000,16534.80000000,16532.07000000,16533.63000000,25.65305000
1672544520,16533.63000000,16534.02000000,16532.24000000,16532.93000000,33.63910000
1672544580,16532.54000000,16534.59000000,16531.55000000,16533.89000000,39.92714000
1672544640,16533.89000000,16534.81000000,16532.55000000,16533.68000000,36.67381000
1672544700,16533.68000000,16534.92000000,16532.60000000,16533.26000000,31.56539000
1672544760,16533.37000000,16533.53000000,16530.10000000,16531.03000000,49.09853000
1672544820,16531.47000000,16532.04000000,16529.66000000,16531.84000000,33.18447000
1672544880,16531.84000000,16532.51000000,16530.09000000,16531.11000000,36.62709000
1672544940,16531.10000000,16533.77000000,16530.50000000,16532.56000000,48.33701000
1672545000,16532.56000000,16534.18000000,16529.53000000,16531.65000000,84.14289000
1672545060,16531.65000000,16532.34000000,16529.59000000,16531.75000000,48.14049000
1672545120,16531.26000000,16533.99000000,16531.26000000,16532.93000000,69.61228000
1672545180,16532.93000000,16532.93000000,16531.00000000,16532.16000000,25.34073000
1672545240,16532.62000000,16537.72000000,16531.46000000,16537.09000000,72.94838000
1672545300,16537.09000000,16537.37000000,16533.95000000,16534.54000000,71.56543000
1672545360,16534.96000000,16536.00000000,16534.01000000,16535.46000000,29.93117000
1672545420,16535.46000000,16537.24000000,16534.70000000,16534.71000000,37.69117000
1672545480,16534.71000000,16535.04000000,16533.12000000,16534.47000000,23.74968000
1672545540,16534.19000000,16534.56000000,16532.51000000,16533.04000000,41.13348000
1672545600,16533.04000000,16534.23000000,16531.60000000,16533.12000000,100.03658000
1672545660,16533.12000000,16533.25000000,16532.19000000,16532.89000000,15.30673000
1672545720,16532.47000000,16534.07000000,16531.83000000,16533.71000000,40.58613000
1672545780,16533.41000000,16535.97000000,16533.07000000,16533.71000000,40.96532000
1672545840,16533.47000000,16533.82000000,16532.53000000,16533.55000000,17.40268000
1672545900,16533.55000000,16533.78000000,16531.68000000,16532.41000000,32.67459000
1672545960,16532.25000000,16535.30000000,16531.40000000,16533.49000000,68.66991000
1672546020,16533.49000000,16534.28000000,16527.63000000,16530.49000000,123.73083000
1672546080,16530.06000000,16531.54000000,16526.41000000,16528.43000000,111.51988000
1672546140,16528.87000000,16529.26000000,16526.50000000,16527.15000000,55.14581000
1672546200,16526.74000000,16529.25000000,16526.58000000,16527.43000000,58.66271000
1672546260,16527.27000000,16528.91000000,16526.12000000,16526.91000000,53.20915000
1672546320,16526.57000000,16529.20000000,16526.35000000,16527.97000000,42.23500000
1672546380,16527.54000000,16528.64000000,16526.00000000,16526.38000000,27.87219000
1672546440,16526.38000000,16527.02000000,16524.57000000,16526.12000000,52.00904000
1672546500,16526.12000000,16526.98000000,16524.52000000,16526.29000000,57.22778000
1672546560,16526.29000000,16526.72000000,16524.25000000,16526.37000000,43.00861000
1672546620,16526.01000000,16530.25000000,16525.00000000,16529.53000000,84.54185000
1672546680,16529.57000000,16529.89000000,16528.39000000,16529.80000000,41.87805000
1672546740,16529.55000000,16530.19000000,16524.85000000,16527.43000000,100.99753000
1672546800,16527.43000000,16528.74000000,16522.00000000,16524.27000000,172.73190000
1672546860,16524.27000000,16524.77000000,16516.49000000,16520.78000000,293.33574000
1672546920,16520.78000000,16524.67000000,16519.15000000,16524.12000000,76.94408000
1672546980,16524.67000000,16524.67000000,16519.78000000,16521.07000000,110.05591000
1672547040,16521.49000000,16522.58000000,16518.28000000,16520.71000000,96.50874000
1672547100,16521.15000000,16521.53000000,16518.80000000,16519.95000000,60.20937000
1672547160,16519.95000000,16523.16000000,16519.07000000,16522.54000000,71.90953000
1672547220,16522.54000000,16523.53000000,16521.14000000,16522.12000000,75.05207000
1672547280,16522.51000000,16523.17000000,16520.87000000,16521.27000000,41.32896000
1672547340,16521.27000000,16523.34000000,16517.19000000,16518.59000000,85.60696000
1672547400,16518.31000000,16519.73000000,16517.68000000,16517.85000000,63.32010000
1672547460,16517.85000000,16519.91000000,16517.58000000,16519.70000000,61.25864000
1672547520,16519.53000000,16520.08000000,16518.52000000,16519.51000000,26.12073000
1672547580,16519.89000000,16521.47000000,16518.39000000,16521.35000000,70.82720000
1672547640,16520.91000000,16523.00000000,16520.28000000,16522.66000000,64.73221000
1672547700,16522.66000000,16525.09000000,16521.81000000,16523.40000000,71.60037000
1672547760,16523.78000000,16524.00000000,16521.60000000,16522.19000000,36.40723000
1672547820,16522.19000000,16524.86000000,16522.00000000,16523.98000000,51.64977000
1672547880,16523.98000000,16525.37000000,16523.12000000,16524.73000000,44.25191000
1672547940,16524.13000000,16525.95000000,16522.53000000,16525.58000000,76.11857000
1672548000,16525.58000000,16525.60000000,16522.03000000,16523.89000000,61.26648000
1672548060,16523.89000000,16524.99000000,16523.18000000,16523.28000000,34.98799000
1672548120,16523.28000000,16523.66000000,16521.96000000,16523.05000000,36.49991000
1672548180,16523.05000000,16524.43000000,16522.39000000,16522.95000000,42.83804000
1672548240,16522.56000000,16524.42000000,16518.62000000,16519.47000000,106.87972000
1672548300,16519.96000000,16520.51000000,16518.14000000,16520.03000000,58.09830000
1672548360,16520.03000000,16520.28000000,16518.03000000,16518.64000000,45.96932000
1672548420,16518.26000000,16519.28000000,16517.25000000,16518.44000000,72.50191000
1672548480,16518.02000000,16519.62000000,16517.50000000,16518.26000000,58.63821000
1672548540,16518.26000000,16519.53000000,16516.81000000,16517.43000000,61.28762000
1672548600,16517.43000000,16526.04000000,16516.76000000,16523.53000000,161.05717000
1672548660,16523.05000000,16526.99000000,16523.05000000,16525.96000000,101.35692000
1672548720,16525.96000000,16526.14000000,16517.76000000,16518.44000000,72.84266000
1672548780,16518.44000000,16520.13000000,16517.62000000,16519.18000000,52.90917000
1672548840,16519.53000000,16521.88000000,16518.84000000,16521.09000000,77.00199000
1672548900,16521.09000000,16522.19000000,16519.90000000,16521.93000000,56.24080000
1672548960,16521.42000000,16521.93000000,16516.49000000,16518.76000000,83.64312000
1672549020,16518.76000000,16519.22000000,16517.03000000,16517.41000000,48.86392000
1672549080,16517.39000000,16520.64000000,16517.28000000,16519.37000000,61.07865000
1672549140,16519.37000000,16522.81000000,16511.92000000,16521.85000000,173.39683000
1672549200,16522.22000000,16522.22000000,16520.09000000,16521.38000000,51.91564000
1672549260,16521.32000000,16522.41000000,16520.75000000,16521.48000000,38.43067000
1672549320,16521.48000000,16523.82000000,16521.17000000,16522.61000000,57.90999000
1672549380,16522.09000000,16523.95000000,16521.33000000,16522.58000000,70.68278000
1672549440,16523.06000000,16523.68000000,16520.84000000,16523.67000000,35.99933000
1672549500,16523.68000000,16524.00000000,16521.90000000,16522.62000000,44.93256000
1672549560,16522.62000000,16523.94000000,16522.00000000,16522.18000000,56.87972000
1672549620,16522.62000000,16523.33000000,16520.76000000,16520.79000000,46.39417000
1672549680,16521.27000000,16522.26000000,16518.92000000,16519.80000000,50.34919000
1672549740,16519.54000000,16524.00000000,16513.84000000,16514.99000000,170.33196000
1672549800,16515.28000000,16517.01000000,16513.67000000,16514.37000000,76.38002000
1672549860,16514.38000000,16516.47000000,16512.30000000,16514.24000000,92.17546000
1672549920,16514.24000000,16516.65000000,16513.20000000,16515.62000000,136.54526000
1672549980,16515.37000000,16519.70000000,16514.33000000,16518.38000000,77.98410000
1672550040,16518.19000000,16519.66000000,16518.03000000,16518.37000000,19.55975000
1672550100,16518.77000000,16519.84000000,16518.15000000,16519.00000000,40.02786000
1672550160,16518.57000000,16521.18000000,16517.29000000,16519.67000000,94.90446000
1672550220,16519.67000000,16521.69000000,16518.57000000,16521.10000000,69.13403000
1672550280,16520.71000000,16521.10000000,16518.03000000,16519.18000000,42.16228000
1672550340,16519.18000000,16520.14000000,16516.85000000,16517.59000000,82.52013000
1672550400,16517.90000000,16519.00000000,16516.92000000,16517.60000000,49.42764000
1672550460,16517.60000000,16518.50000000,16516.81000000,16517.90000000,44.01385000
1672550520,16517.50000000,16517.95000000,16514.19000000,16514.97000000,98.49720000
1672550580,16514.63000000,16515.16000000,16512.31000000,16513.26000000,105.80226000
1672550640,16513.72000000,16518.09000000,16512.31000000,16516.82000000,79.21072000
1672550700,16516.82000000,16518.50000000,16515.34000000,16517.40000000,62.01438000
1672550760,16516.85000000,16519.13000000,16516.05000000,16516.84000000,68.63085000
1672550820,16516.84000000,16519.50000000,16516.18000000,16518.37000000,45.73637000
1672550880,16518.77000000,16519.95000000,16517.68000000,16519.09000000,39.88809000
1672550940,16519.09000000,16522.66000000,16517.63000000,16521.07000000,100.14396000
1672551000,16521.42000000,16522.75000000,16520.33000000,16521.70000000,54.90576000
1672551060,16522.01000000,16522.01000000,16517.53000000,16518.37000000,44.55061000
1672551120,16518.37000000,16519.39000000,16517.57000000,16518.24000000,25.19985000
1672551180,16518.24000000,16518.84000000,16516.59000000,16517.85000000,23.44763000
1672551240,16517.46000000,16520.98000000,16517.00000000,16520.15000000,45.44267000
1672551300,16519.66000000,16520.81000000,16518.47000000,16520.49000000,43.73022000
1672551360,16520.49000000,16521.42000000,16519.85000000,16521.00000000,25.26778000
1672551420,16521.00000000,16521.70000000,16519.51000000,16519.91000000,32.91417000
1672551480,16519.51000000,16520.65000000,16518.00000000,16518.55000000,25.25906000
1672551540,16518.55000000,16518.94000000,16516.50000000,16518.16000000,60.59125000
1672551600,16517.92000000,16518.81000000,16516.44000000,16516.92000000,53.77867000
1672551660,16517.28000000,16518.82000000,16516.35000000,16518.71000000,88.59664000
1672551720,16518.71000000,16519.83000000,16517.53000000,16518.42000000,51.55715000
1672551780,16518.27000000,16518.90000000,16516.69000000,16516.99000000,24.00350000
1672551840,16516.69000000,16520.74000000,16514.79000000,16520.02000000,70.03529000
1672551900,16520.03000000,16521.50000000,16518.85000000,16519.55000000,66.54821000
1672551960,16519.55000000,16523.28000000,16518.92000000,16522.80000000,59.07799000
1672552020,16522.80000000,16522.92000000,16520.85000000,16522.42000000,59.21768000
1672552080,16522.81000000,16523.90000000,16520.88000000,16520.88000000,67.71818000
1672552140,16521.38000000,16522.73000000,16520.00000000,16522.06000000,36.52254000
1672552200,16522.06000000,16522.99000000,16521.29000000,16522.46000000,44.58094000
1672552260,16522.66000000,16524.18000000,16521.27000000,16521.88000000,45.37076000
1672552320,16521.88000000,16522.89000000,16519.85000000,16521.89000000,42.06664000
1672552380,16522.27000000,16522.39000000,16520.07000000,16521.32000000,25.14371000
1672552440,16521.32000000,16524.20000000,16520.37000000,16522.47000000,55.44923000
1672552500,16522.48000000,16524.82000000,16522.19000000,16524.13000000,63.69332000
1672552560,16524.34000000,16527.90000000,16523.52000000,16526.28000000,78.47308000
1672552620,16526.62000000,16533.23000000,16525.20000000,16531.72000000,181.15279000
1672552680,16531.41000000,16534.98000000,16529.03000000,16531.68000000,123.14495000
1672552740,16531.68000000,16532.97000000,16529.29000000,16530.71000000,51.34683000
1672552800,16530.71000000,16534.70000000,16528.81000000,16533.83000000,98.38460000
1672552860,16533.83000000,16537.02000000,16533.72000000,16535.79000000,75.50714000
1672552920,16535.41000000,16539.63000000,16535.01000000,16538.23000000,89.72767000
1672552980,16537.80000000,16543.69000000,16536.80000000,16539.89000000,115.14126000
1672553040,16539.68000000,16541.97000000,16539.20000000,16541.39000000,37.41167000
1672553100,16541.39000000,16541.43000000,16536.44000000,16536.68000000,82.18453000
1672553160,16537.13000000,16538.57000000,16535.54000000,16538.50000000,30.71563000
1672553220,16538.50000000,16538.56000000,16531.87000000,16533.35000000,78.85138000
1672553280,16533.35000000,16536.25000000,16531.38000000,16534.68000000,100.54113000
1672553340,16534.66000000,16540.08000000,16534.65000000,16538.85000000,57.06193000
1672553400,16539.25000000,16539.73000000,16537.73000000,16539.04000000,30.03891000
1672553460,16539.43000000,16541.80000000,16535.95000000,16537.22000000,62.66729000
1672553520,16536.94000000,16538.45000000,16536.07000000,16538.19000000,38.51502000
1672553580,16537.79000000,16538.70000000,16536.21000000,16537.49000000,32.03075000
1672553640,16537.49000000,16538.89000000,16536.96000000,16537.72000000,20.45428000
1672553700,16538.05000000,16543.93000000,16537.64000000,16543.33000000,81.17920000
1672553760,16543.48000000,16544.18000000,16540.08000000,16541.90000000,57.67448000
1672553820,16541.53000000,16547.70000000,16541.12000000,16547.10000000,61.33045000
1672553880,16547.10000000,16549.58000000,16546.29000000,16547.42000000,73.55692000
1672553940,16547.42000000,16549.32000000,16547.04000000,16548.41000000,42.01248000
1672554000,16548.06000000,16548.72000000,16542.65000000,16544.13000000,143.28400000
1672554060,16544.12000000,16544.50000000,16541.37000000,16543.14000000,55.53412000
1672554120,16542.75000000,16546.42000000,16542.71000000,16545.18000000,39.97268000
1672554180,16545.59000000,16545.60000000,16543.99000000,16545.26000000,28.88295000
1672554240,16545.26000000,16545.89000000,16540.86000000,16544.42000000,75.75139000
1672554300,16544.42000000,16546.26000000,16543.01000000,16545.12000000,49.56467000
1672554360,16545.12000000,16546.64000000,16544.98000000,16545.46000000,29.52256000
1672554420,16545.85000000,16547.09000000,16544.10000000,16546.00000000,31.90823000
1672554480,16546.15000000,16549.44000000,16545.02000000,16548.52000000,53.16691000
1672554540,16548.92000000,16550.00000000,16543.65000000,16544.63000000,152.81429000
1672554600,16545.02000000,16545.12000000,16544.04000000,16544.86000000,20.01522000
1672554660,16544.86000000,16545.83000000,16543.00000000,16543.29000000,30.81307000
1672554720,16543.28000000,16545.96000000,16543.20000000,16544.68000000,36.47307000
1672554780,16544.30000000,16545.18000000,16538.50000000,16539.78000000,97.00087000
1672554840,16539.38000000,16541.49000000,16539.38000000,16540.97000000,30.64934000
1672554900,16540.97000000,16541.60000000,16538.41000000,16538.41000000,93.22872000
1672554960,16538.41000000,16540.71000000,16538.41000000,16540.41000000,26.42750000
1672555020,16540.18000000,16541.09000000,16539.09000000,16540.22000000,37.27161000
1672555080,16540.22000000,16541.75000000,16540.17000000,16540.51000000,21.57277000
1672555140,16540.57000000,16542.47000000,16540.02000000,16541.27000000,49.84025000
1672555200,16541.27000000,16542.30000000,16539.96000000,16541.57000000,54.97704000
1672555260,16541.57000000,16544.66000000,16541.00000000,16543.58000000,67.16772000
1672555320,16543.58000000,16544.94000000,16543.45000000,16543.80000000,46.16046000
1672555380,16543.54000000,16545.07000000,16542.39000000,16544.96000000,39.00675000
1672555440,16544.96000000,16545.46000000,16544.05000000,16544.68000000,50.00016000
1672555500,16544.38000000,16545.71000000,16543.60000000,16545.17000000,58.16212000
1672555560,16545.17000000,16545.50000000,16543.55000000,16544.44000000,43.41271000
1672555620,16544.81000000,16546.00000000,16544.00000000,16545.90000000,50.02025000
1672555680,16545.89000000,16546.00000000,16544.00000000,16544.87000000,64.56447000
1672555740,16544.90000000,16546.93000000,16542.66000000,16543.52000000,76.63492000
1672555800,16543.52000000,16543.95000000,16541.20000000,16541.74000000,34.88565000
1672555860,16541.39000000,16542.47000000,16539.65000000,16540.20000000,54.81317000
1672555920,16540.20000000,16541.22000000,16538.46000000,16540.10000000,72.58930000
1672555980,16539.80000000,16540.59000000,16539.12000000,16540.53000000,34.76666000
1672556040,16540.10000000,16541.84000000,16539.81000000,16541.34000000,40.39183000
1672556100,16540.72000000,16541.49000000,16539.75000000,16541.14000000,42.84779000
1672556160,16540.93000000,16541.47000000,16540.00000000,16540.75000000,45.61653000
1672556220,16540.55000000,16541.35000000,16540.01000000,16540.51000000,37.32937000
1672556280,16540.51000000,16541.24000000,16539.35000000,16539.90000000,37.65335000
1672556340,16540.05000000,16540.36000000,16539.01000000,16539.79000000,25.22087000
1672556400,16539.79000000,16544.57000000,16538.89000000,16541.04000000,91.42767000
1672556460,16541.22000000,16542.88000000,16540.26000000,16542.15000000,43.78798000
1672556520,16542.15000000,16543.18000000,16540.26000000,16541.48000000,71.07862000
1672556580,16541.11000000,16541.49000000,16537.68000000,16539.85000000,102.21564000
1672556640,16540.11000000,16540.96000000,16538.14000000,16539.32000000,55.80384000
1672556700,16539.32000000,16540.36000000,16526.68000000,16528.72000000,229.08256000
1672556760,16528.72000000,16533.25000000,16527.32000000,16531.26000000,132.69524000
1672556820,16531.26000000,16531.58000000,16527.45000000,16530.00000000,71.69975000
1672556880,16530.00000000,16534.41000000,16528.80000000,16533.03000000,92.51484000
1672556940,16533.42000000,16535.96000000,16531.56000000,16534.07000000,91.39640000
1672557000,16533.65000000,16537.45000000,16533.50000000,16535.58000000,67.05326000
1672557060,16535.58000000,16536.19000000,16522.42000000,16528.75000000,225.64534000
1672557120,16528.75000000,16529.84000000,16525.80000000,16526.24000000,73.34245000
1672557180,16526.69000000,16528.07000000,16525.00000000,16526.85000000,63.79284000
1672557240,16526.86000000,16531.26000000,16526.63000000,16530.26000000,62.29022000
1672557300,16530.82000000,16530.82000000,16525.13000000,16525.49000000,74.00091000
1672557360,16526.09000000,16528.94000000,16510.00000000,16511.50000000,282.89554000
1672557420,16511.93000000,16511.98000000,16499.01000000,16508.35000000,332.94431000
1672557480,16508.35000000,16508.73000000,16505.29000000,16508.34000000,99.93418000
1672557540,16508.34000000,16512.00000000,16505.81000000,16509.91000000,99.78356000
1672557600,16510.38000000,16510.92000000,16505.87000000,16508.97000000,86.00680000
1672557660,16508.97000000,16512.00000000,16508.26000000,16510.28000000,42.50249000
1672557720,16510.28000000,16511.76000000,16508.07000000,16509.92000000,58.72372000
1672557780,16509.92000000,16511.35000000,16507.82000000,16510.59000000,59.86661000
1672557840,16510.59000000,16511.50000000,16508.00000000,16509.28000000,58.13780000
1672557900,16508.94000000,16510.11000000,16507.47000000,16509.49000000,73.21237000
1672557960,16509.80000000,16509.99000000,16506.41000000,16508.55000000,76.42269000
1672558020,16508.55000000,16509.99000000,16506.41000000,16507.90000000,51.22459000
1672558080,16508.34000000,16516.19000000,16501.86000000,16515.81000000,277.13443000
1672558140,16515.81000000,16524.82000000,16514.10000000,16522.78000000,142.94002000
1672558200,16522.28000000,16522.77000000,16516.69000000,16517.71000000,83.98432000
1672558260,16517.71000000,16519.35000000,16517.12000000,16517.94000000,42.85622000
1672558320,16517.94000000,16517.94000000,16514.31000000,16515.61000000,50.53633000
1672558380,16515.26000000,16519.46000000,16514.50000000,16516.20000000,67.50759000
1672558440,16516.39000000,16520.87000000,16516.39000000,16520.27000000,45.85865000
1672558500,16520.27000000,16520.27000000,16504.17000000,16510.39000000,184.09515000
1672558560,16510.39000000,16517.00000000,16510.39000000,16515.94000000,77.59688000
1672558620,16516.14000000,16519.45000000,16514.62000000,16518.16000000,37.72177000
1672558680,16518.16000000,16520.11000000,16516.72000000,16518.55000000,44.55708000
1672558740,16518.97000000,16522.74000000,16517.78000000,16522.28000000,42.42880000
1672558800,16522.29000000,16523.83000000,16520.42000000,16522.95000000,48.76513000
1672558860,16522.95000000,16524.00000000,16521.18000000,16523.66000000,57.80202000
1672558920,16523.22000000,16525.93000000,16522.18000000,16525.16000000,58.00896000
1672558980,16524.79000000,16526.21000000,16523.79000000,16526.18000000,48.32766000
1672559040,16526.18000000,16529.98000000,16525.17000000,16525.24000000,83.55257000
1672559100,16525.59000000,16530.91000000,16524.73000000,16528.38000000,127.97160000
1672559160,16527.98000000,16529.22000000,16525.00000000,16526.53000000,52.02376000
1672559220,16526.53000000,16527.85000000,16525.00000000,16527.06000000,32.57402000
1672559280,16526.66000000,16529.56000000,16525.52000000,16527.57000000,48.99713000
1672559340,16527.90000000,16528.09000000,16525.39000000,16527.65000000,40.34533000
1672559400,16527.65000000,16530.51000000,16526.18000000,16528.72000000,59.81953000
1672559460,16529.00000000,16529.98000000,16524.15000000,16525.26000000,74.23092000
1672559520,16524.75000000,16526.73000000,16520.90000000,16522.36000000,85.48972000
1672559580,16522.36000000,16524.97000000,16520.67000000,16523.67000000,47.48497000
1672559640,16523.67000000,16525.50000000,16522.20000000,16522.80000000,37.49362000
1672559700,16523.23000000,16526.04000000,16522.80000000,16525.79000000,60.87396000
1672559760,16525.79000000,16531.61000000,16524.91000000,16530.65000000,66.83295000
1672559820,16530.63000000,16532.10000000,16527.00000000,16530.42000000,87.87080000
1672559880,16530.42000000,16532.37000000,16528.72000000,16530.91000000,38.15175000
1672559940,16530.66000000,16531.00000000,16524.90000000,16526.19000000,61.64236000
1672560000,16525.70000000,16527.79000000,16525.11000000,16527.00000000,51.72657000
1672560060,16527.00000000,16530.55000000,16526.13000000,16527.88000000,108.88177000
1672560120,16527.39000000,16531.33000000,16526.46000000,16531.23000000,88.85842000
1672560180,16531.23000000,16532.69000000,16529.73000000,16531.50000000,75.04722000
1672560240,16531.94000000,16533.15000000,16530.60000000,16531.29000000,55.16144000
1672560300,16531.82000000,16534.03000000,16531.00000000,16532.04000000,54.13788000
1672560360,16532.05000000,16533.02000000,16519.66000000,16523.75000000,223.88639000
1672560420,16523.12000000,16526.11000000,16521.86000000,16523.83000000,61.27651000
1672560480,16523.83000000,16525.44000000,16520.10000000,16520.29000000,79.06877000
1672560540,16520.73000000,16523.71000000,16519.86000000,16522.14000000,61.88250000
1672560600,16522.14000000,16523.91000000,16519.39000000,16521.21000000,68.14259000
1672560660,16521.77000000,16523.73000000,16520.01000000,16522.35000000,60.18010000
1672560720,16522.78000000,16522.90000000,16519.57000000,16519.90000000,38.82590000
1672560780,16520.33000000,16521.43000000,16518.80000000,16519.69000000,60.09725000
1672560840,16519.27000000,16520.70000000,16516.78000000,16518.19000000,67.55315000
1672560900,16518.19000000,16519.02000000,16516.00000000,16516.79000000,70.61168000
1672560960,16516.18000000,16517.34000000,16513.28000000,16514.63000000,104.93672000
1672561020,16514.18000000,16515.44000000,16513.24000000,16515.42000000,49.96093000
1672561080,16515.26000000,16523.70000000,16514.79000000,16522.35000000,147.86689000
1672561140,16522.35000000,16524.72000000,16522.07000000,16523.87000000,57.12184000
1672561200,16523.87000000,16525.70000000,16521.04000000,16521.35000000,70.57850000
1672561260,16521.35000000,16524.38000000,16520.52000000,16522.10000000,72.92900000
1672561320,16522.10000000,16523.88000000,16519.04000000,16520.76000000,94.38641000
1672561380,16520.28000000,16521.93000000,16520.02000000,16520.60000000,23.30614000
1672561440,16520.60000000,16525.88000000,16518.60000000,16524.19000000,88.93488000
1672561500,16524.04000000,16524.19000000,16521.35000000,16523.14000000,39.92561000
1672561560,16523.14000000,16525.00000000,16522.00000000,16522.08000000,51.58171000
1672561620,16522.08000000,16522.73000000,16520.56000000,16521.34000000,45.86142000
1672561680,16521.34000000,16523.38000000,16520.53000000,16523.38000000,33.23706000
1672561740,16523.04000000,16523.98000000,16522.43000000,16523.23000000,40.43902000
1672561800,16522.83000000,16525.10000000,16521.32000000,16524.08000000,74.57171000
1672561860,16524.08000000,16524.08000000,16521.39000000,16522.44000000,57.96872000
1672561920,16522.44000000,16524.75000000,16521.73000000,16523.77000000,72.54424000
1672561980,16523.76000000,16527.11000000,16522.41000000,16523.64000000,105.91637000
1672562040,16523.63000000,16523.67000000,16520.96000000,16521.08000000,43.97215000
1672562100,16521.25000000,16521.97000000,16518.60000000,16519.25000000,82.31144000
1672562160,16519.25000000,16520.46000000,16516.61000000,16516.78000000,124.17786000
1672562220,16517.27000000,16517.84000000,16516.50000000,16517.32000000,36.84122000
1672562280,16516.99000000,16517.46000000,16516.00000000,16516.78000000,37.85889000
1672562340,16516.78000000,16517.37000000,16512.68000000,16514.50000000,82.44303000
1672562400,16514.06000000,16517.85000000,16513.02000000,16516.82000000,62.26796000
1672562460,16517.09000000,16517.29000000,16513.13000000,16513.64000000,42.67562000
1672562520,16513.64000000,16514.20000000,16512.90000000,16512.91000000,19.09239000
1672562580,16513.38000000,16514.21000000,16510.20000000,16510.34000000,85.28364000
1672562640,16510.34000000,16512.59000000,16509.30000000,16510.68000000,117.58737000
1672562700,16510.68000000,16512.06000000,16509.72000000,16510.31000000,46.12319000
1672562760,16509.91000000,16513.98000000,16509.19000000,16512.87000000,99.37427000
1672562820,16512.87000000,16514.16000000,16511.71000000,16512.17000000,66.40760000
1672562880,16512.17000000,16514.96000000,16512.17000000,16514.76000000,47.08413000
1672562940,16514.76000000,16515.41000000,16512.00000000,16514.40000000,80.87023000
1672563000,16514.42000000,16515.02000000,16510.90000000,16512.45000000,81.94522000
1672563060,16512.08000000,16512.98000000,16511.00000000,16512.01000000,57.03283000
1672563120,16512.50000000,16513.20000000,16508.52000000,16510.61000000,104.65530000
1672563180,16510.12000000,16510.83000000,16508.45000000,16509.50000000,82.61145000
1672563240,16509.49000000,16514.52000000,16508.95000000,16514.20000000,84.45411000
1672563300,16514.20000000,16517.35000000,16512.59000000,16516.50000000,66.25056000
1672563360,16516.24000000,16516.50000000,16512.67000000,16513.31000000,59.86236000
1672563420,16513.31000000,16514.05000000,16510.86000000,16512.46000000,85.30438000
1672563480,16512.46000000,16514.00000000,16510.62000000,16511.06000000,54.35550000
1672563540,16511.46000000,16514.30000000,16509.60000000,16513.34000000,63.67222000
1672563600,16513.33000000,16514.49000000,16511.83000000,16512.66000000,112.02414000
1672563660,16512.23000000,16514.99000000,16511.78000000,16514.19000000,49.87738000
1672563720,16514.18000000,16514.29000000,16512.20000000,16512.36000000,25.71270000
1672563780,16512.38000000,16512.93000000,16510.80000000,16511.98000000,62.62085000
1672563840,16511.59000000,16512.25000000,16508.79000000,16509.34000000,77.87280000
1672563900,16509.34000000,16510.50000000,16507.48000000,16508.48000000,67.75116000
1672563960,16508.80000000,16512.08000000,16507.49000000,16508.35000000,116.76392000
1672564020,16508.69000000,16509.70000000,16505.46000000,16505.87000000,91.74007000
1672564080,16506.04000000,16509.60000000,16505.20000000,16509.00000000,86.03878000
1672564140,16508.82000000,16511.17000000,16508.37000000,16510.62000000,36.35930000
1672564200,16510.22000000,16511.91000000,16509.02000000,16509.97000000,58.50207000
1672564260,16509.97000000,16511.58000000,16509.26000000,16511.20000000,35.62370000
1672564320,16511.39000000,16512.20000000,16509.71000000,16510.09000000,32.92441000
1672564380,16510.09000000,16514.93000000,16509.84000000,16513.79000000,41.30701000
1672564440,16513.79000000,16515.23000000,16510.64000000,16514.75000000,109.10037000
1672564500,16515.11000000,16516.53000000,16512.95000000,16513.06000000,112.09207000
1672564560,16513.07000000,16517.53000000,16511.96000000,16515.94000000,65.76255000
1672564620,16515.94000000,16517.20000000,16513.00000000,16513.57000000,70.67035000
1672564680,16513.99000000,16515.54000000,16512.77000000,16515.48000000,43.01589000
1672564740,16515.06000000,16516.64000000,16515.06000000,16515.56000000,22.25441000
1672564800,16515.92000000,16517.18000000,16514.31000000,16515.40000000,38.55977000
1672564860,16515.40000000,16518.34000000,16514.64000000,16517.04000000,72.94075000
1672564920,16517.36000000,16518.63000000,16516.19000000,16517.92000000,64.85179000
1672564980,16518.11000000,16521.04000000,16517.91000000,16519.13000000,85.01429000
1672565040,16519.13000000,16520.88000000,16517.63000000,16520.20000000,77.80454000
1672565100,16520.20000000,16521.87000000,16518.55000000,16520.60000000,112.87153000
1672565160,16520.60000000,16522.63000000,16519.48000000,16522.37000000,52.69290000
1672565220,16522.00000000,16522.42000000,16519.21000000,16519.47000000,58.02953000
1672565280,16519.47000000,16520.31000000,16513.87000000,16516.00000000,95.46522000
1672565340,16516.00000000,16516.48000000,16514.21000000,16514.23000000,27.22315000
1672565400,16514.64000000,16517.50000000,16514.22000000,16517.15000000,77.48460000
1672565460,16516.83000000,16519.69000000,16516.26000000,16518.12000000,51.28963000
1672565520,16517.62000000,16520.62000000,16517.52000000,16520.20000000,51.12120000
1672565580,16520.04000000,16521.37000000,16519.75000000,16520.64000000,34.96935000
1672565640,16520.44000000,16521.94000000,16520.03000000,16521.37000000,33.08368000
1672565700,16521.30000000,16522.39000000,16520.59000000,16522.07000000,34.56969000
1672565760,16521.74000000,16523.12000000,16521.12000000,16522.77000000,37.09761000
1672565820,16522.54000000,16522.88000000,16520.91000000,16522.37000000,24.61294000
1672565880,16522.03000000,16523.00000000,16522.00000000,16522.17000000,21.85761000
1672565940,16522.17000000,16522.57000000,16520.38000000,16520.99000000,43.13200000
1672566000,16520.99000000,16521.97000000,16520.50000000,16521.30000000,23.94580000
1672566060,16521.30000000,16522.26000000,16521.28000000,16521.98000000,23.50611000
1672566120,16521.75000000,16522.75000000,16521.33000000,16522.24000000,35.58620000
1672566180,16522.62000000,16530.44000000,16522.02000000,16530.11000000,182.80787000
1672566240,16530.11000000,16533.12000000,16528.48000000,16531.85000000,208.48698000
1672566300,16531.85000000,16533.28000000,16525.62000000,16527.96000000,117.79154000
1672566360,16528.60000000,16529.89000000,16526.26000000,16528.82000000,61.81274000
1672566420,16528.47000000,16529.65000000,16528.23000000,16529.05000000,35.50055000
1672566480,16529.05000000,16529.59000000,16526.45000000,16527.00000000,33.43356000
1672566540,16527.00000000,16533.28000000,16526.52000000,16532.40000000,83.52289000
1672566600,16532.40000000,16536.91000000,16531.37000000,16535.13000000,105.88363000
1672566660,16535.13000000,16536.68000000,16533.59000000,16535.40000000,60.81344000
1672566720,16535.40000000,16537.02000000,16533.44000000,16535.88000000,89.67200000
1672566780,16535.88000000,16537.58000000,16532.13000000,16535.50000000,88.77716000
1672566840,16535.50000000,16537.92000000,16533.92000000,16536.36000000,52.98963000
1672566900,16536.36000000,16537.84000000,16532.82000000,16536.25000000,110.39804000
1672566960,16535.91000000,16540.33000000,16535.14000000,16539.82000000,74.79568000
1672567020,16539.82000000,16541.36000000,16537.25000000,16538.71000000,93.79798000
1672567080,16538.71000000,16542.30000000,16538.04000000,16541.88000000,77.64432000
1672567140,16541.88000000,16542.49000000,16537.39000000,16537.88000000,126.89866000
1672567200,16538.32000000,16538.99000000,16536.26000000,16538.10000000,71.01388000
1672567260,16538.10000000,16539.09000000,16534.54000000,16534.93000000,87.46722000
1672567320,16535.27000000,16537.44000000,16533.53000000,16535.80000000,79.25733000
1672567380,16535.51000000,16536.82000000,16534.00000000,16534.87000000,57.10468000
1672567440,16534.87000000,16538.15000000,16534.00000000,16535.00000000,76.83882000
1672567500,16535.37000000,16536.49000000,16534.00000000,16534.07000000,56.23424000
1672567560,16534.07000000,16538.48000000,16533.42000000,16536.50000000,79.53197000
1672567620,16536.86000000,16538.26000000,16534.47000000,16535.09000000,108.32918000
1672567680,16535.09000000,16538.00000000,16533.47000000,16536.56000000,93.69113000
1672567740,16536.56000000,16537.13000000,16533.91000000,16534.36000000,61.75442000
1672567800,16534.86000000,16536.19000000,16534.16000000,16535.20000000,44.57922000
1672567860,16535.20000000,16538.31000000,16534.59000000,16536.68000000,62.34734000
1672567920,16537.06000000,16543.00000000,16534.91000000,16540.53000000,126.47378000
1672567980,16540.17000000,16542.62000000,16538.23000000,16539.10000000,107.01396000
1672568040,16539.48000000,16543.14000000,16538.50000000,16542.85000000,67.41797000
1672568100,16542.60000000,16544.79000000,16542.25000000,16544.29000000,110.14499000
1672568160,16543.89000000,16545.80000000,16543.46000000,16545.31000000,63.45940000
1672568220,16544.83000000,16546.00000000,16544.01000000,16545.20000000,60.39563000
1672568280,16545.20000000,16546.49000000,16541.29000000,16541.55000000,116.40813000
1672568340,16541.55000000,16542.26000000,16540.53000000,16541.94000000,33.21347000
1672568400,16541.94000000,16541.95000000,16539.98000000,16540.70000000,40.29671000
1672568460,16540.70000000,16541.93000000,16540.02000000,16540.71000000,36.89831000
1672568520,16540.71000000,16541.49000000,16540.03000000,16540.85000000,38.41966000
1672568580,16540.85000000,16543.00000000,16540.51000000,16542.78000000,35.04113000
1672568640,16542.50000000,16546.47000000,16542.37000000,16545.38000000,61.72264000
1672568700,16545.70000000,16547.38000000,16545.00000000,16546.55000000,52.46743000
1672568760,16546.24000000,16546.67000000,16542.23000000,16544.49000000,64.07166000
1672568820,16544.42000000,16545.77000000,16543.32000000,16545.08000000,32.75885000
1672568880,16544.95000000,16545.19000000,16543.21000000,16543.40000000,27.31218000
1672568940,16543.40000000,16544.14000000,16542.36000000,16544.07000000,28.87720000
1672569000,16543.69000000,16544.75000000,16541.35000000,16541.98000000,65.38214000
1672569060,16541.98000000,16543.00000000,16539.26000000,16541.43000000,67.25666000
1672569120,16541.81000000,16543.27000000,16540.74000000,16541.22000000,41.80771000
1672569180,16541.39000000,16542.47000000,16536.25000000,16538.99000000,115.39129000
1672569240,16539.00000000,16540.20000000,16536.96000000,16538.25000000,83.11334000
1672569300,16538.25000000,16539.13000000,16535.00000000,16535.40000000,90.82309000
1672569360,16535.40000000,16536.60000000,16534.33000000,16535.06000000,51.41868000
1672569420,16535.40000000,16540.26000000,16533.79000000,16538.46000000,118.75437000
1672569480,16538.46000000,16540.00000000,16537.23000000,16537.28000000,37.45997000
1672569540,16537.63000000,16538.68000000,16534.73000000,16536.36000000,54.61029000
1672569600,16536.68000000,16536.72000000,16534.46000000,16535.74000000,40.58776000
1672569660,16535.38000000,16536.37000000,16534.37000000,16535.81000000,41.14604000
1672569720,16536.17000000,16539.49000000,16535.82000000,16539.36000000,66.76233000
1672569780,16539.36000000,16539.68000000,16538.04000000,16538.30000000,57.17660000
1672569840,16538.70000000,16539.83000000,16538.11000000,16539.58000000,39.09775000
1672569900,16539.83000000,16540.74000000,16538.34000000,16539.85000000,56.87021000
1672569960,16540.27000000,16541.13000000,16539.04000000,16540.79000000,30.94181000
1672570020,16541.09000000,16541.77000000,16540.02000000,16541.28000000,45.49432000
1672570080,16540.89000000,16541.28000000,16539.14000000,16539.26000000,38.62162000
1672570140,16539.26000000,16539.99000000,16538.94000000,16539.86000000,14.31101000
1672570200,16539.86000000,16540.99000000,16538.73000000,16539.36000000,63.20235000
1672570260,16539.36000000,16540.90000000,16538.12000000,16539.60000000,56.88725000
1672570320,16539.60000000,16540.83000000,16539.40000000,16540.80000000,48.21650000
1672570380,16540.38000000,16541.87000000,16540.21000000,16541.10000000,47.14310000
1672570440,16541.39000000,16542.38000000,16540.50000000,16542.16000000,58.53396000
1672570500,16541.73000000,16542.18000000,16540.07000000,16540.55000000,72.57479000
1672570560,16540.55000000,16542.64000000,16539.75000000,16541.39000000,51.02154000
1672570620,16541.39000000,16542.32000000,16540.00000000,16540.82000000,43.32057000
1672570680,16540.98000000,16545.37000000,16540.81000000,16545.02000000,95.43930000
1672570740,16545.36000000,16548.71000000,16544.03000000,16548.34000000,129.85728000
1672570800,16547.98000000,16549.62000000,16547.12000000,16547.77000000,90.12831000
1672570860,16547.77000000,16551.29000000,16545.85000000,16545.85000000,148.98275000
1672570920,16545.85000000,16546.86000000,16545.50000000,16546.35000000,42.67627000
1672570980,16546.73000000,16547.33000000,16546.00000000,16547.07000000,32.19265000
1672571040,16546.68000000,16547.24000000,16545.54000000,16545.95000000,24.11601000
1672571100,16546.28000000,16546.79000000,16545.59000000,16545.84000000,22.24241000
1672571160,16546.08000000,16551.11000000,16545.61000000,16550.76000000,113.49269000
1672571220,16550.76000000,16551.65000000,16548.26000000,16548.39000000,66.03175000
1672571280,16548.73000000,16549.54000000,16545.05000000,16547.38000000,82.19058000
1672571340,16546.87000000,16550.42000000,16546.47000000,16549.45000000,76.86070000
1672571400,16549.16000000,16552.35000000,16549.14000000,16552.03000000,67.36401000
1672571460,16552.03000000,16552.67000000,16550.07000000,16551.39000000,54.59710000
1672571520,16551.66000000,16552.41000000,16550.28000000,16551.46000000,59.99422000
1672571580,16551.46000000,16552.62000000,16550.23000000,16550.84000000,66.28921000
1672571640,16551.25000000,16551.26000000,16546.45000000,16547.92000000,56.49004000
1672571700,16547.56000000,16547.96000000,16546.75000000,16547.16000000,52.29921000
1672571760,16546.80000000,16547.22000000,16543.82000000,16544.19000000,64.95569000
1672571820,16544.19000000,16544.88000000,16540.86000000,16541.35000000,74.82082000
1672571880,16541.35000000,16543.04000000,16540.20000000,16542.32000000,51.14253000
1672571940,16542.32000000,16544.38000000,16542.32000000,16543.33000000,35.79728000
1672572000,16543.31000000,16544.14000000,16541.33000000,16542.31000000,46.33555000
1672572060,16542.59000000,16546.10000000,16541.40000000,16544.49000000,80.74269000
1672572120,16544.85000000,16545.64000000,16543.93000000,16544.90000000,35.51893000
1672572180,16545.33000000,16547.49000000,16544.75000000,16546.58000000,45.33801000
1672572240,16546.68000000,16546.93000000,16544.65000000,16546.11000000,57.13821000
1672572300,16546.11000000,16546.59000000,16542.02000000,16545.96000000,90.23229000
1672572360,16545.97000000,16546.38000000,16543.66000000,16544.43000000,62.16525000
1672572420,16544.89000000,16546.00000000,16543.60000000,16545.47000000,35.02631000
1672572480,16545.77000000,16546.80000000,16545.09000000,16545.09000000,30.47235000
1672572540,16545.08000000,16545.94000000,16543.43000000,16544.56000000,63.57236000
1672572600,16544.56000000,16546.13000000,16542.14000000,16543.68000000,118.63643000
1672572660,16543.60000000,16546.90000000,16542.75000000,16545.90000000,66.60114000
1672572720,16545.90000000,16548.41000000,16545.47000000,16546.57000000,48.42821000
1672572780,16546.58000000,16547.66000000,16545.06000000,16546.23000000,71.64256000
1672572840,16545.93000000,16546.76000000,16544.80000000,16546.61000000,44.59719000
1672572900,16546.25000000,16549.85000000,16545.67000000,16549.57000000,62.81956000
1672572960,16549.57000000,16550.58000000,16546.07000000,16547.67000000,126.65350000
1672573020,16547.67000000,16548.69000000,16547.16000000,16547.45000000,29.50944000
1672573080,16547.70000000,16548.65000000,16547.26000000,16548.50000000,25.36189000
1672573140,16548.50000000,16550.66000000,16548.17000000,16549.41000000,43.32510000
1672573200,16549.41000000,16551.52000000,16548.94000000,16551.11000000,47.83289000
1672573260,16550.80000000,16551.50000000,16549.69000000,16550.28000000,58.00885000
1672573320,16550.28000000,16551.50000000,16549.65000000,16551.12000000,40.99974000
1672573380,16550.77000000,16552.01000000,16549.78000000,16551.10000000,62.93072000
1672573440,16551.10000000,16552.03000000,16549.27000000,16550.95000000,75.56012000
1672573500,16550.59000000,16552.36000000,16550.27000000,16551.19000000,77.12035000
1672573560,16551.63000000,16554.47000000,16550.95000000,16553.11000000,78.66397000
1672573620,16552.80000000,16553.20000000,16550.76000000,16551.39000000,64.33802000
1672573680,16551.39000000,16551.99000000,16547.90000000,16549.01000000,103.65455000
1672573740,16549.01000000,16549.92000000,16548.38000000,16549.61000000,47.99103000
1672573800,16549.61000000,16550.24000000,16548.20000000,16548.73000000,37.96498000
1672573860,16548.58000000,16549.20000000,16547.60000000,16548.55000000,51.26045000
1672573920,16548.94000000,16550.60000000,16547.53000000,16548.13000000,41.75931000
1672573980,16547.63000000,16550.40000000,16547.51000000,16549.06000000,46.36072000
1672574040,16549.40000000,16549.95000000,16548.49000000,16549.35000000,28.83338000
1672574100,16549.10000000,16550.30000000,16548.81000000,16550.13000000,41.71150000
1672574160,16550.13000000,16554.38000000,16549.27000000,16553.76000000,83.19411000
1672574220,16553.35000000,16557.00000000,16552.71000000,16556.24000000,187.59592000
1672574280,16556.09000000,16556.78000000,16554.94000000,16556.33000000,55.47117000
1672574340,16556.33000000,16556.98000000,16555.17000000,16556.66000000,41.49715000
1672574400,16556.66000000,16557.50000000,16554.91000000,16556.93000000,100.69993000
1672574460,16556.93000000,16557.39000000,16556.00000000,16556.27000000,44.59935000
1672574520,16556.74000000,16558.05000000,16556.00000000,16558.04000000,61.82795000
1672574580,16557.65000000,16558.53000000,16556.81000000,16557.38000000,55.51138000
1672574640,16557.38000000,16563.15000000,16557.09000000,16562.56000000,137.25965000
1672574700,16562.56000000,16563.16000000,16555.21000000,16556.58000000,100.38032000
1672574760,16556.58000000,16559.89000000,16552.84000000,16553.01000000,147.53397000
1672574820,16553.01000000,16555.02000000,16550.92000000,16553.08000000,94.95899000
1672574880,16553.45000000,16554.49000000,16551.93000000,16553.17000000,52.45309000
1672574940,16553.17000000,16554.04000000,16548.58000000,16551.88000000,76.74035000
1672575000,16551.88000000,16553.23000000,16549.72000000,16552.23000000,75.01082000
1672575060,16552.69000000,16554.41000000,16552.22000000,16553.54000000,38.78217000
1672575120,16553.29000000,16557.74000000,16553.13000000,16556.62000000,76.15952000
1672575180,16557.01000000,16565.48000000,16553.54000000,16565.10000000,192.56552000
1672575240,16565.10000000,16572.42000000,16562.75000000,16564.36000000,205.79256000
1672575300,16564.37000000,16565.65000000,16562.21000000,16562.94000000,76.80358000
1672575360,16562.94000000,16568.06000000,16561.68000000,16567.80000000,76.63173000
1672575420,16567.80000000,16570.06000000,16565.53000000,16565.97000000,78.43965000
1672575480,16565.55000000,16566.44000000,16561.46000000,16562.16000000,63.66118000
1672575540,16562.39000000,16562.93000000,16560.70000000,16561.28000000,44.65820000
1672575600,16561.59000000,16562.85000000,16560.62000000,16561.17000000,70.35032000
1672575660,16561.04000000,16562.16000000,16558.76000000,16559.18000000,81.52021000
1672575720,16559.18000000,16560.00000000,16558.02000000,16558.92000000,40.47714000
1672575780,16559.29000000,16559.69000000,16557.63000000,16558.39000000,35.48508000
1672575840,16558.39000000,16560.91000000,16558.16000000,16560.32000000,40.33350000
1672575900,16560.00000000,16563.00000000,16559.28000000,16561.18000000,59.84458000
1672575960,16560.74000000,16564.88000000,16560.46000000,16562.85000000,69.64743000
1672576020,16563.12000000,16563.12000000,16557.08000000,16558.48000000,85.75574000
1672576080,16558.11000000,16569.63000000,16558.11000000,16567.93000000,192.28388000
1672576140,16567.93000000,16568.85000000,16562.60000000,16564.27000000,87.11473000
1672576200,16564.06000000,16572.94000000,16563.85000000,16571.27000000,82.91693000
1672576260,16571.27000000,16571.90000000,16562.30000000,16563.84000000,141.97364000
1672576320,16563.83000000,16564.13000000,16559.12000000,16559.96000000,69.87921000
1672576380,16559.96000000,16560.82000000,16556.27000000,16558.43000000,77.69378000
1672576440,16558.17000000,16559.94000000,16558.17000000,16559.44000000,36.50553000
1672576500,16558.99000000,16559.73000000,16558.45000000,16558.54000000,43.44190000
1672576560,16558.54000000,16559.82000000,16557.26000000,16559.54000000,50.40178000
1672576620,16559.16000000,16560.00000000,16557.74000000,16558.56000000,27.61682000
1672576680,16558.17000000,16558.99000000,16557.40000000,16557.83000000,24.02408000
1672576740,16557.45000000,16559.47000000,16556.08000000,16556.25000000,45.12270000
1672576800,16556.25000000,16558.06000000,16555.00000000,16556.91000000,72.18137000
1672576860,16557.26000000,16557.46000000,16556.00000000,16556.44000000,23.94333000
1672576920,16556.05000000,16557.33000000,16556.02000000,16556.61000000,25.75711000
1672576980,16556.91000000,16557.45000000,16556.00000000,16556.62000000,37.48763000
1672577040,16556.88000000,16557.63000000,16555.84000000,16556.92000000,75.07629000
1672577100,16556.92000000,16562.46000000,16555.20000000,16559.68000000,121.76981000
1672577160,16559.69000000,16562.40000000,16559.51000000,16560.82000000,37.52386000
1672577220,16561.21000000,16561.79000000,16559.64000000,16560.18000000,32.03763000
1672577280,16560.43000000,16562.34000000,16559.14000000,16561.51000000,48.04427000
1672577340,16561.51000000,16562.28000000,16560.74000000,16561.98000000,27.06668000
1672577400,16561.61000000,16562.58000000,16559.24000000,16560.49000000,67.80407000
1672577460,16560.11000000,16560.97000000,16558.34000000,16559.01000000,26.95890000
1672577520,16558.86000000,16561.69000000,16558.85000000,16560.31000000,50.26282000
1672577580,16560.31000000,16562.99000000,16560.31000000,16562.03000000,45.73935000
1672577640,16562.03000000,16562.80000000,16560.13000000,16560.92000000,51.92586000
1672577700,16560.92000000,16562.99000000,16559.35000000,16562.36000000,58.55977000
1672577760,16562.57000000,16562.94000000,16560.82000000,16561.93000000,31.61141000
1672577820,16561.93000000,16562.16000000,16560.04000000,16561.01000000,40.76686000
1672577880,16561.01000000,16561.99000000,16560.00000000,16561.67000000,45.37618000
1672577940,16561.67000000,16561.91000000,16560.00000000,16560.93000000,67.73355000
1672578000,16561.29000000,16564.07000000,16560.91000000,16563.26000000,69.16967000
1672578060,16563.26000000,16564.19000000,16562.10000000,16562.84000000,37.65736000
1672578120,16562.84000000,16564.68000000,16562.05000000,16563.82000000,72.35327000
1672578180,16563.82000000,16566.69000000,16563.57000000,16565.81000000,47.78791000
1672578240,16565.81000000,16566.26000000,16564.90000000,16566.26000000,41.21274000
1672578300,16565.96000000,16567.26000000,16565.08000000,16565.76000000,39.89551000
1672578360,16565.76000000,16565.77000000,16561.58000000,16564.45000000,84.22927000
1672578420,16564.18000000,16565.54000000,16563.05000000,16563.54000000,49.56616000
1672578480,16563.53000000,16566.11000000,16561.83000000,16564.51000000,69.68029000
1672578540,16564.12000000,16564.75000000,16560.50000000,16561.68000000,91.60722000
1672578600,16561.81000000,16562.70000000,16559.20000000,16560.56000000,64.95403000
1672578660,16560.56000000,16561.44000000,16556.08000000,16557.00000000,138.93736000
1672578720,16557.00000000,16558.94000000,16556.71000000,16557.88000000,74.53240000
1672578780,16557.88000000,16557.88000000,16552.00000000,16552.38000000,148.29338000
1672578840,16552.38000000,16555.75000000,16550.36000000,16554.25000000,115.27884000
1672578900,16554.24000000,16555.38000000,16552.26000000,16553.16000000,70.89868000
1672578960,16552.93000000,16554.12000000,16549.10000000,16549.77000000,110.45589000
1672579020,16549.44000000,16551.32000000,16544.67000000,16545.52000000,203.71962000
1672579080,16545.52000000,16551.74000000,16544.32000000,16545.98000000,116.61813000
1672579140,16546.42000000,16549.00000000,16541.27000000,16548.47000000,131.53658000
1672579200,16548.55000000,16549.77000000,16546.93000000,16549.41000000,60.33289000
1672579260,16549.31000000,16549.86000000,16547.19000000,16547.64000000,44.52306000
1672579320,16548.09000000,16549.05000000,16547.64000000,16548.65000000,20.53912000
1672579380,16548.66000000,16549.23000000,16547.57000000,16548.71000000,28.61832000
1672579440,16549.00000000,16549.30000000,16547.82000000,16548.15000000,28.54416000
1672579500,16548.43000000,16548.59000000,16547.64000000,16548.19000000,21.69430000
1672579560,16548.19000000,16548.29000000,16546.78000000,16547.12000000,29.58267000
1672579620,16547.28000000,16547.77000000,16546.44000000,16546.85000000,28.16496000
1672579680,16546.85000000,16549.53000000,16546.08000000,16548.26000000,96.53322000
1672579740,16548.26000000,16550.97000000,16548.13000000,16550.92000000,50.98136000
1672579800,16550.92000000,16552.00000000,16549.15000000,16550.72000000,72.60763000
1672579860,16550.37000000,16551.91000000,16550.24000000,16551.10000000,61.10033000
1672579920,16551.10000000,16551.10000000,16548.38000000,16549.56000000,60.06503000
1672579980,16549.17000000,16550.28000000,16549.02000000,16549.54000000,26.26075000
1672580040,16549.90000000,16550.32000000,16545.79000000,16547.32000000,72.72386000
1672580100,16547.32000000,16547.78000000,16541.50000000,16545.98000000,139.68984000
1672580160,16546.29000000,16547.27000000,16539.05000000,16539.23000000,238.45505000
1672580220,16539.86000000,16547.33000000,16539.23000000,16545.46000000,141.53474000
1672580280,16545.54000000,16545.78000000,16541.16000000,16542.34000000,105.04502000
1672580340,16542.69000000,16543.88000000,16540.12000000,16541.64000000,81.13873000
1672580400,16541.64000000,16544.81000000,16540.21000000,16543.60000000,121.59767000
1672580460,16544.02000000,16545.50000000,16542.34000000,16545.39000000,69.61766000
1672580520,16545.39000000,16547.81000000,16544.44000000,16546.29000000,83.07800000
1672580580,16546.33000000,16546.61000000,16542.31000000,16543.56000000,60.85297000
1672580640,16543.28000000,16544.50000000,16542.37000000,16542.55000000,78.58126000
1672580700,16542.55000000,16543.59000000,16540.24000000,16540.89000000,62.20734000
1672580760,16540.89000000,16546.00000000,16539.90000000,16545.26000000,79.61941000
1672580820,16545.25000000,16546.36000000,16544.06000000,16546.35000000,56.03907000
1672580880,16546.35000000,16546.58000000,16544.20000000,16545.37000000,60.50108000
1672580940,16545.37000000,16546.51000000,16544.35000000,16545.28000000,29.62879000
1672581000,16545.28000000,16546.00000000,16544.08000000,16545.51000000,38.74516000
1672581060,16545.51000000,16547.30000000,16543.14000000,16544.43000000,98.47847000
1672581120,16544.00000000,16545.60000000,16543.00000000,16544.36000000,48.29051000
1672581180,16544.36000000,16546.85000000,16543.89000000,16545.70000000,30.51931000
1672581240,16545.87000000,16548.54000000,16545.70000000,16547.81000000,40.51339000
1672581300,16547.39000000,16548.04000000,16546.07000000,16547.87000000,38.05804000
1672581360,16547.51000000,16548.22000000,16545.64000000,16547.70000000,44.97021000
1672581420,16547.28000000,16549.00000000,16546.78000000,16548.32000000,51.20223000
1672581480,16548.03000000,16549.04000000,16547.00000000,16548.79000000,61.10683000
1672581540,16548.79000000,16548.99000000,16546.58000000,16548.04000000,39.55528000
1672581600,16547.61000000,16549.69000000,16546.70000000,16548.49000000,95.47299000
1672581660,16548.86000000,16551.86000000,16548.41000000,16550.72000000,64.62180000
1672581720,16551.25000000,16551.97000000,16549.88000000,16550.66000000,60.62390000
1672581780,16550.40000000,16551.96000000,16550.03000000,16551.51000000,25.75469000
1672581840,16551.76000000,16553.73000000,16550.50000000,16552.15000000,90.17132000
1672581900,16552.15000000,16553.99000000,16551.68000000,16553.29000000,60.21136000
1672581960,16553.29000000,16553.56000000,16546.70000000,16547.57000000,106.78076000
1672582020,16547.25000000,16548.46000000,16547.22000000,16547.44000000,41.51228000
1672582080,16547.60000000,16548.44000000,16546.10000000,16546.22000000,51.17142000
1672582140,16546.22000000,16547.92000000,16545.34000000,16545.79000000,48.69338000
1672582200,16545.79000000,16553.16000000,16545.75000000,16551.49000000,119.93765000
1672582260,16551.91000000,16552.69000000,16550.04000000,16551.91000000,55.18847000
1672582320,16551.44000000,16554.00000000,16550.40000000,16553.76000000,39.28883000
1672582380,16553.49000000,16554.63000000,16552.72000000,16554.17000000,59.20427000
1672582440,16554.13000000,16554.57000000,16552.14000000,16553.11000000,62.85840000
1672582500,16553.56000000,16554.65000000,16553.11000000,16553.94000000,32.14273000
1672582560,16553.48000000,16555.02000000,16553.45000000,16554.10000000,46.18634000
1672582620,16554.10000000,16555.16000000,16552.59000000,16554.77000000,65.62742000
1672582680,16555.15000000,16555.33000000,16552.80000000,16554.41000000,51.95269000
1672582740,16554.05000000,16555.50000000,16553.60000000,16555.25000000,53.16052000
1672582800,16555.25000000,16555.55000000,16554.50000000,16554.51000000,38.85829000
1672582860,16554.80000000,16555.88000000,16554.32000000,16555.22000000,33.03356000
1672582920,16554.76000000,16555.80000000,16554.50000000,16554.90000000,32.90940000
1672582980,16554.90000000,16555.67000000,16554.44000000,16554.75000000,23.73112000
1672583040,16554.75000000,16555.27000000,16553.41000000,16553.77000000,32.21793000
1672583100,16554.11000000,16554.97000000,16553.13000000,16553.76000000,36.56425000
1672583160,16553.75000000,16555.23000000,16553.21000000,16554.53000000,38.40283000
1672583220,16554.19000000,16556.20000000,16554.13000000,16555.25000000,55.58264000
1672583280,16555.25000000,16556.42000000,16554.52000000,16555.73000000,31.68001000
1672583340,16555.73000000,16558.19000000,16555.33000000,16556.53000000,78.16326000
1672583400,16556.15000000,16558.56000000,16556.15000000,16557.55000000,42.84186000
1672583460,16557.55000000,16557.92000000,16556.78000000,16557.32000000,29.80018000
1672583520,16556.93000000,16557.79000000,16556.50000000,16557.27000000,36.59696000
1672583580,16556.91000000,16557.57000000,16555.60000000,16556.44000000,35.16699000
1672583640,16556.00000000,16558.30000000,16555.93000000,16557.22000000,36.97940000
1672583700,16557.22000000,16557.25000000,16553.45000000,16554.31000000,53.07886000
1672583760,16554.06000000,16554.80000000,16552.75000000,16552.79000000,24.60386000
1672583820,16552.88000000,16553.70000000,16551.67000000,16552.20000000,45.17845000
1672583880,16552.36000000,16552.65000000,16551.46000000,16552.15000000,39.54259000
1672583940,16551.79000000,16553.67000000,16551.79000000,16553.06000000,47.49882000
1672584000,16552.71000000,16553.25000000,16551.13000000,16551.79000000,53.27686000
1672584060,16551.57000000,16552.11000000,16550.00000000,16550.35000000,42.90797000
1672584120,16550.35000000,16551.43000000,16549.69000000,16550.23000000,46.19125000
1672584180,16550.23000000,16551.41000000,16549.19000000,16549.55000000,47.12740000
1672584240,16549.98000000,16550.96000000,16546.83000000,16548.00000000,119.52374000
1672584300,16547.67000000,16548.41000000,16546.76000000,16546.89000000,63.18482000
1672584360,16546.89000000,16547.96000000,16546.00000000,16546.92000000,59.58664000
1672584420,16546.62000000,16547.28000000,16545.20000000,16545.90000000,47.31568000
1672584480,16546.19000000,16552.18000000,16545.83000000,16550.72000000,106.34388000
1672584540,16550.50000000,16552.00000000,16549.20000000,16550.56000000,65.34626000
1672584600,16550.96000000,16551.93000000,16549.93000000,16551.00000000,46.93013000
1672584660,16550.68000000,16552.98000000,16549.97000000,16550.99000000,48.25941000
1672584720,16550.99000000,16551.54000000,16549.20000000,16551.36000000,69.02492000
1672584780,16550.83000000,16551.45000000,16548.53000000,16550.06000000,74.75545000
1672584840,16550.46000000,16550.46000000,16548.46000000,16548.46000000,39.29195000
1672584900,16548.62000000,16549.00000000,16546.30000000,16547.49000000,39.74578000
1672584960,16547.49000000,16547.50000000,16542.60000000,16543.61000000,114.37751000
1672585020,16543.20000000,16543.75000000,16540.85000000,16542.56000000,103.60120000
1672585080,16542.57000000,16543.47000000,16541.19000000,16542.19000000,52.57506000
1672585140,16542.60000000,16543.23000000,16542.00000000,16542.94000000,32.63254000
1672585200,16542.94000000,16546.15000000,16542.45000000,16544.93000000,61.82622000
1672585260,16545.48000000,16546.32000000,16543.85000000,16544.90000000,42.98775000
1672585320,16544.90000000,16545.37000000,16543.84000000,16544.59000000,33.77209000
1672585380,16544.97000000,16545.72000000,16544.58000000,16545.18000000,10.15220000
1672585440,16545.12000000,16545.98000000,16542.78000000,16544.98000000,86.68178000
1672585500,16544.50000000,16545.44000000,16543.24000000,16544.27000000,40.50710000
1672585560,16544.27000000,16546.70000000,16542.98000000,16545.37000000,96.11008000
1672585620,16545.80000000,16548.86000000,16545.08000000,16547.59000000,73.28314000
1672585680,16547.59000000,16549.29000000,16547.14000000,16548.57000000,53.50415000
1672585740,16548.57000000,16548.98000000,16546.74000000,16547.26000000,41.41670000
1672585800,16547.26000000,16548.66000000,16546.68000000,16547.67000000,56.28685000
1672585860,16547.67000000,16549.45000000,16547.48000000,16549.25000000,58.91375000
1672585920,16549.25000000,16549.25000000,16548.19000000,16548.26000000,23.76044000
1672585980,16548.63000000,16549.78000000,16548.25000000,16548.67000000,28.49613000
1672586040,16549.03000000,16549.70000000,16547.96000000,16549.57000000,43.75496000
1672586100,16549.57000000,16549.57000000,16548.01000000,16548.66000000,30.35593000
1672586160,16548.66000000,16549.66000000,16548.00000000,16548.26000000,48.52654000
1672586220,16548.01000000,16548.72000000,16547.61000000,16547.76000000,23.53934000
1672586280,16548.02000000,16549.38000000,16547.76000000,16548.05000000,63.39330000
1672586340,16548.36000000,16548.87000000,16547.00000000,16547.64000000,30.75857000
1672586400,16547.29000000,16548.08000000,16547.25000000,16547.55000000,21.74726000
1672586460,16547.77000000,16547.98000000,16540.45000000,16541.39000000,129.03227000
1672586520,16541.73000000,16541.81000000,16536.18000000,16540.75000000,148.70292000
1672586580,16540.35000000,16541.83000000,16538.07000000,16538.71000000,57.04259000
1672586640,16538.71000000,16540.02000000,16536.00000000,16539.52000000,108.17819000
1672586700,16539.35000000,16539.68000000,16535.02000000,16535.26000000,68.90891000
1672586760,16535.65000000,16537.72000000,16533.83000000,16534.31000000,98.21320000
1672586820,16534.60000000,16538.49000000,16533.68000000,16538.36000000,74.51356000
1672586880,16538.36000000,16544.00000000,16537.18000000,16542.61000000,81.81049000
1672586940,16542.26000000,16543.99000000,16542.00000000,16542.89000000,31.44169000
1672587000,16543.28000000,16543.76000000,16542.50000000,16542.96000000,34.18693000
1672587060,16542.96000000,16546.07000000,16542.00000000,16543.74000000,66.87606000
1672587120,16543.74000000,16545.27000000,16542.88000000,16543.32000000,49.80432000
1672587180,16543.32000000,16545.65000000,16542.67000000,16545.50000000,35.28361000
1672587240,16545.50000000,16545.50000000,16544.04000000,16545.28000000,23.49563000
1672587300,16544.84000000,16545.62000000,16543.69000000,16543.80000000,22.33628000
1672587360,16543.80000000,16544.50000000,16543.31000000,16544.50000000,30.79624000
1672587420,16544.50000000,16545.43000000,16543.33000000,16543.33000000,27.65337000
1672587480,16543.58000000,16545.20000000,16543.33000000,16544.94000000,25.18723000
1672587540,16544.71000000,16544.95000000,16543.75000000,16544.13000000,25.31093000
1672587600,16544.35000000,16545.23000000,16544.11000000,16544.96000000,23.46657000
1672587660,16544.96000000,16547.32000000,16544.67000000,16546.84000000,52.69069000
1672587720,16546.84000000,16548.75000000,16545.79000000,16548.28000000,69.68532000
1672587780,16548.28000000,16548.91000000,16547.53000000,16547.68000000,26.15399000
1672587840,16547.99000000,16549.14000000,16547.39000000,16548.82000000,29.06644000
1672587900,16549.13000000,16549.81000000,16548.15000000,16548.15000000,42.99026000
1672587960,16548.15000000,16551.31000000,16548.09000000,16550.71000000,57.60761000
1672588020,16551.05000000,16552.14000000,16546.19000000,16547.29000000,73.14149000
1672588080,16547.29000000,16547.76000000,16545.47000000,16547.06000000,45.16789000
1672588140,16547.25000000,16547.71000000,16545.56000000,16547.11000000,29.35101000
1672588200,16547.11000000,16548.87000000,16546.50000000,16547.62000000,34.45719000
1672588260,16547.78000000,16547.78000000,16545.85000000,16546.05000000,59.90526000
1672588320,16546.05000000,16548.44000000,16546.02000000,16546.33000000,49.19852000
1672588380,16546.69000000,16548.59000000,16545.81000000,16545.86000000,45.95456000
1672588440,16546.27000000,16548.42000000,16545.02000000,16546.06000000,72.47316000
1672588500,16546.06000000,16548.00000000,16545.90000000,16547.91000000,53.53297000
1672588560,16547.91000000,16556.00000000,16545.51000000,16554.93000000,120.83085000
1672588620,16554.93000000,16558.50000000,16554.74000000,16557.82000000,65.93011000
1672588680,16557.82000000,16559.99000000,16557.40000000,16558.98000000,67.94578000
1672588740,16558.98000000,16559.77000000,16557.16000000,16558.73000000,92.83399000
1672588800,16558.73000000,16561.09000000,16558.00000000,16559.17000000,139.80668000
1672588860,16559.57000000,16565.37000000,16558.45000000,16565.31000000,156.18004000
1672588920,16564.84000000,16584.66000000,16563.68000000,16574.35000000,448.30474000
1672588980,16574.35000000,16574.52000000,16565.43000000,16566.26000000,196.98567000
1672589040,16566.70000000,16566.70000000,16562.03000000,16563.20000000,96.06997000
1672589100,16563.20000000,16565.83000000,16562.00000000,16562.60000000,63.37417000
1672589160,16563.08000000,16571.46000000,16562.43000000,16567.42000000,136.10204000
1672589220,16567.88000000,16569.54000000,16565.87000000,16566.50000000,81.66886000
1672589280,16566.50000000,16569.99000000,16565.43000000,16569.30000000,47.16452000
1672589340,16569.08000000,16569.55000000,16566.07000000,16566.95000000,60.43350000
1672589400,16566.95000000,16567.34000000,16562.52000000,16565.26000000,79.22198000
1672589460,16565.26000000,16565.74000000,16563.01000000,16563.76000000,41.02939000
1672589520,16563.76000000,16565.14000000,16558.27000000,16559.11000000,102.76386000
1672589580,16559.11000000,16562.11000000,16558.56000000,16561.69000000,43.17182000
1672589640,16561.32000000,16563.24000000,16559.98000000,16562.45000000,47.30728000
1672589700,16562.45000000,16567.73000000,16562.45000000,16567.04000000,105.93480000
1672589760,16566.56000000,16568.72000000,16565.96000000,16567.39000000,54.01208000
1672589820,16567.14000000,16570.76000000,16566.51000000,16569.43000000,82.57818000
1672589880,16569.91000000,16570.50000000,16567.51000000,16568.87000000,56.42470000
1672589940,16568.58000000,16572.88000000,16566.79000000,16572.27000000,121.26309000
1672590000,16572.72000000,16572.72000000,16565.05000000,16565.75000000,111.37342000
1672590060,16565.26000000,16567.32000000,16565.20000000,16566.80000000,40.00543000
1672590120,16566.80000000,16567.33000000,16564.51000000,16565.00000000,42.08146000
1672590180,16565.00000000,16570.74000000,16564.52000000,16569.73000000,47.58638000
1672590240,16569.85000000,16572.35000000,16568.85000000,16570.86000000,51.52083000
1672590300,16571.31000000,16572.21000000,16568.64000000,16571.16000000,49.47764000
1672590360,16571.16000000,16572.42000000,16569.88000000,16570.19000000,75.67548000
1672590420,16570.19000000,16575.89000000,16569.87000000,16575.77000000,118.78754000
1672590480,16575.25000000,16578.27000000,16574.62000000,16576.86000000,102.98327000
1672590540,16576.86000000,16579.46000000,16575.14000000,16577.68000000,113.20980000
1672590600,16578.16000000,16581.29000000,16573.54000000,16574.77000000,116.06489000
1672590660,16574.39000000,16575.36000000,16572.18000000,16573.44000000,53.10378000
1672590720,16573.44000000,16574.88000000,16572.68000000,16573.78000000,57.99219000
1672590780,16573.39000000,16574.83000000,16572.68000000,16573.14000000,41.60856000
1672590840,16572.69000000,16584.30000000,16572.68000000,16579.27000000,151.84192000
1672590900,16579.27000000,16581.04000000,16576.05000000,16576.85000000,102.58131000
1672590960,16577.50000000,16577.50000000,16573.41000000,16575.43000000,87.73362000
1672591020,16575.86000000,16575.88000000,16573.45000000,16573.83000000,24.88366000
1672591080,16574.19000000,16575.04000000,16572.68000000,16574.12000000,45.53407000
1672591140,16573.71000000,16574.57000000,16572.59000000,16573.16000000,27.64215000
1672591200,16573.16000000,16573.78000000,16571.67000000,16572.83000000,40.44016000
